id,gender,masterCategory,subCategory,articleType,baseColour,season,year,usage,productDisplayName
31588.jpg,Men,Apparel,Topwear,Tshirts,Maroon,Summer,2012.0,Casual,Mark Taylor Men Printed Maroon T-shirt
28697.jpg,Women,Apparel,Topwear,Kurtas,Black,Summer,2012.0,Ethnic,W Women Printed Black Kurta
14099.jpg,Women,Apparel,Topwear,Tops,Pink,Fall,2011.0,Casual,Flying Machine Women Solid Pink Tops
16361.jpg,Men,Apparel,Topwear,Shirts,Maroon,Fall,2011.0,Formal,Peter England Men Stripes Maroon Shirt
3534.jpg,Women,Apparel,Topwear,Tshirts,Black,Summer,2011.0,Casual,Myntra Women's I Want You Black T-shirt
1607.jpg,Men,Apparel,Bottomwear,Track Pants,Blue,Fall,2010.0,Sports,Reebok Men trackpant- male Track Pants
2843.jpg,Men,Apparel,Topwear,Tshirts,Pink,Summer,2011.0,Casual,Mr.Men Men's Mr.Mischief Pink T-shirt
27279.jpg,Women,Apparel,Topwear,Kurtas,Blue,Fall,2011.0,Ethnic,Mother Earth Women Blue Kurta
27883.jpg,Women,Apparel,Topwear,Tshirts,Pink,Summer,2012.0,Casual,Scullers For Her Women Pink Shirt
45632.jpg,Men,Apparel,Innerwear,Briefs,Grey Melange,Summer,2016.0,Casual,Park Avenue Men Grey Melange Briefs
21145.jpg,Women,Apparel,Topwear,Shirts,Black,Fall,2011.0,Casual,s.Oliver Women Printed Black Shirt
27870.jpg,Women,Apparel,Topwear,Shirts,White,Fall,2012.0,Smart Casual,Scullers For Her Women White Striped Shirt
13877.jpg,Men,Apparel,Topwear,Shirts,Maroon,Fall,2011.0,Casual,Scullers Men Solid Maroon Shirts
7535.jpg,Men,Apparel,Topwear,Tshirts,Blue,Summer,2011.0,Sports,Nike Men's Blue Polo T-shirt
11347.jpg,Men,Apparel,Bottomwear,Jeans,Blue,Summer,2017.0,Casual,Lee Men Elvira Rinse Blue Chicago Fit Jeans
56420.jpg,Women,Apparel,Innerwear,Bra,White,Winter,2015.0,Casual,Biara Women White Bra
14037.jpg,Men,Apparel,Topwear,Shirts,Blue,Winter,2016.0,Casual,Flying Machine Men Check Blue Shirts
56282.jpg,Women,Apparel,Innerwear,Bra,Black,Summer,2017.0,Casual,Biara Black Everyday Support Bra
3936.jpg,Women,Apparel,Topwear,Tshirts,Black,Summer,2011.0,Casual,Jealous 21 Women's Black Miss T-shirt
9266.jpg,Men,Apparel,Topwear,Shirts,Navy Blue,Fall,2011.0,Casual,Scullers Men Scul Blue Shirts
57961.jpg,Women,Apparel,Saree,Sarees,Black,Fall,2012.0,Ethnic,Prafful Women Black & Grren Sari
22760.jpg,Women,Apparel,Topwear,Kurtas,Blue,Fall,2011.0,Ethnic,BIBA Women Solid Navy Blue Kurta
51430.jpg,Men,Apparel,Topwear,Shirts,White,Summer,2012.0,Casual,Myntra Men Navy Blue & Orange Check Shirt
14659.jpg,Men,Apparel,Bottomwear,Trousers,Khaki,Fall,2011.0,Casual,Probase Men Solid LT.Khaki Trousers
22756.jpg,Women,Apparel,Topwear,Kurtas,Red,Fall,2011.0,Ethnic,BIBA Women Solid Red Kurta
52421.jpg,Women,Apparel,Loungewear and Nightwear,Nightdress,Multi,Summer,2017.0,Casual,Red Rose Women Multi Coloured Nightdress
31173.jpg,Girls,Apparel,Topwear,Tops,White,Summer,2012.0,Casual,Gini and Jony Girls Printed White Top
10499.jpg,Women,Apparel,Topwear,Tshirts,Yellow,Fall,2011.0,Casual,Flying Machine Women Aspen Yellow Tshirts
19170.jpg,Men,Apparel,Topwear,Tshirts,Olive,Summer,2011.0,Casual,United Colors of Benetton Men Printed Olive TShirt
20234.jpg,Women,Apparel,Topwear,Tshirts,Blue,Fall,2011.0,Casual,Wrangler Women Baroque Polo Turquoise T-shirt
11117.jpg,Men,Apparel,Topwear,Shirts,Grey,Fall,2011.0,Formal,Indigo Nation Men Solid Grey Shirts
40983.jpg,Boys,Apparel,Topwear,Tshirts,White,Summer,2012.0,Casual,Gini and Jony Boys United White T-shirt
27885.jpg,Women,Apparel,Topwear,Shirts,Blue,Summer,2012.0,Formal,Scullers For Her Blue Shirt
39184.jpg,Women,Apparel,Topwear,Kurtas,Multi,Summer,2012.0,Ethnic,Aneri Women Multi Coloured Kurta
24604.jpg,Women,Apparel,Topwear,Kurtas,Brown,Fall,2011.0,Ethnic,Vishudh Women Brown Printed Kurta
13624.jpg,Men,Apparel,Loungewear and Nightwear,Lounge Shorts,Red,Summer,2016.0,Casual,Hanes Men Knitted Red Shorts
59601.jpg,Women,Apparel,Saree,Sarees,Brown,Summer,2012.0,Ethnic,FNF Brown Wedding Collection Sari
27088.jpg,Women,Apparel,Topwear,Kurtas,Black,Summer,2012.0,Ethnic,Aneri Women Aaliya Black Kurta
19787.jpg,Men,Apparel,Topwear,Tshirts,White,Winter,2016.0,Casual,U.S. Polo Assn. Men Solid White Tshirt
3738.jpg,Men,Apparel,Topwear,Tshirts,White,Fall,2010.0,Sports,Lotto Men's Kochi Tuskers Cotton Graphic White T-shirt
51008.jpg,Women,Apparel,Innerwear,Bra,Purple,Summer,2014.0,Casual,Enamor Purple Bra
24090.jpg,Men,Apparel,Topwear,Sweatshirts,Red,Fall,2011.0,Casual,Manchester United Men Red Sweatshirt
54589.jpg,Women,Apparel,Topwear,Kurtas,Green,Summer,2012.0,Ethnic,Sushilas Women Printed Green Kurta
22750.jpg,Women,Apparel,Topwear,Kurtas,White,Fall,2011.0,Ethnic,BIBA Women Printed White Kurta
33080.jpg,Men,Apparel,Topwear,Tshirts,White,Summer,2012.0,Casual,U.S. Polo Assn. Denim Co. Men Printed Cream T-Shirt
12303.jpg,Men,Apparel,Topwear,Shirts,Red,Fall,2011.0,Formal,Genesis Men Check Red Shirts
2681.jpg,Men,Apparel,Topwear,Tshirts,Black,Summer,2011.0,Casual,Inkfruit Men's Serial Black T-shirt
4744.jpg,Men,Apparel,Topwear,Tshirts,Navy Blue,Summer,2011.0,Sports,ADIDAS Men's Blue Polo T-shirt
7909.jpg,Men,Apparel,Topwear,Tshirts,Navy Blue,Fall,2011.0,Casual,Proline Men Navy & Cream Striped Polo T-shirt
2478.jpg,Men,Apparel,Topwear,Tshirts,Green,Fall,2010.0,Casual,Puma Men's Island Green T-shirt
3765.jpg,Men,Apparel,Topwear,Tshirts,Yellow,Summer,2011.0,Casual,Status Quo Men's Unplugged Yellow T-shirt
39329.jpg,Girls,Apparel,Bottomwear,Shorts,Green,Summer,2012.0,Casual,Gini and Jony Girls Green Shorts
22792.jpg,Men,Apparel,Topwear,Tshirts,White,Fall,2011.0,Casual,Manchester United Men White Tshirt
54712.jpg,Women,Apparel,Apparel Set,Kurta Sets,Black,Fall,2012.0,Ethnic,Shree Women Black & White Printed Salwar Suit with Dupatta
10006.jpg,Men,Apparel,Topwear,Tshirts,Black,Fall,2011.0,Sports,Nike Men AS T90 Black Tshirts
35970.jpg,Men,Apparel,Topwear,Tshirts,Black,Summer,2012.0,Casual,Flying Machine Men Tee Black T-shirt
8187.jpg,Men,Apparel,Topwear,Shirts,Blue,Summer,2011.0,Casual,Locomotive Men Solid Poplin Laibrook Blue Shirts
41346.jpg,Men,Apparel,Bottomwear,Jeans,Navy Blue,Summer,2016.0,Casual,Wrangler Men Navy Blue Texas Jeans
31455.jpg,Men,Apparel,Topwear,Tshirts,Black,Summer,2012.0,Sports,Nike Men Challenger Black Jersey
6954.jpg,Women,Apparel,Topwear,Tops,Pink,Summer,2011.0,Casual,s.Oliver Women Striped Pink Top
50657.jpg,Men,Apparel,Loungewear and Nightwear,Lounge Shorts,Black,Winter,2016.0,Sports,Chromozome Men Black Lounge Shorts
2193.jpg,Men,Apparel,Bottomwear,Shorts,Navy Blue,Fall,2010.0,Sports,ADIDAS Men Navy Short
30746.jpg,Men,Apparel,Topwear,Kurtas,Maroon,Summer,2012.0,Ethnic,Fabindia Men Printed Maroon Kurta
60000.jpg,Women,Apparel,Topwear,Kurtas,Blue,Fall,2012.0,Ethnic,Alma Women Blue Kurta
16428.jpg,Men,Apparel,Topwear,Tshirts,Charcoal,Fall,2011.0,Casual,Levi's Men Printed Charcoal Tshirts
33139.jpg,Boys,Apparel,Topwear,Tshirts,Grey,Summer,2012.0,Casual,Gini and Jony Boys Printed Grey T-shirt
14529.jpg,Men,Apparel,Topwear,Tshirts,Red,Fall,2011.0,Casual,Mark Taylor Men Printed Red Tshirts
11090.jpg,Men,Apparel,Topwear,Shirts,Blue,Fall,2011.0,Casual,Scullers Men Check Blue Shirts
19639.jpg,Women,Apparel,Topwear,Sweatshirts,Olive,Fall,2011.0,Casual,United Colors of Benetton Women Solid Olive Sweatshirt
39830.jpg,Girls,Apparel,Bottomwear,Shorts,Purple,Summer,2012.0,Casual,Gini and Jony Girls Core Purple Shorts
31408.jpg,Men,Apparel,Innerwear,Innerwear Vests,Black,Summer,2016.0,Casual,Spykar Men Black Innerwear Vest
27555.jpg,Men,Apparel,Topwear,Shirts,Black,Summer,2012.0,Casual,Scullers Men Black Shirt
16823.jpg,Women,Apparel,Topwear,Tshirts,Blue,Fall,2011.0,Casual,Little Miss Women Printed Blue T-shirt
2133.jpg,Men,Apparel,Topwear,Shirts,Black,Spring,2011.0,Casual,Basics Men Black Slim Fit Shirt
33507.jpg,Women,Apparel,Bottomwear,Capris,White,Summer,2012.0,Casual,Doodle Kids Girl  White Capris
24923.jpg,Women,Apparel,Topwear,Tops,Pink,Summer,2012.0,Casual,United Colors of Benetton Women Pink Top
34983.jpg,Women,Apparel,Saree,Sarees,Black,Summer,2012.0,Ethnic,Fabindia H& Printed Black Cotton Sari
34341.jpg,Men,Apparel,Topwear,Tshirts,Purple,Summer,2012.0,Casual,Myntra Men Feared Strom Drive Purple T-shirt
50604.jpg,Men,Apparel,Innerwear,Trunk,Red,Summer,2016.0,Casual,Chromozome Men Red Trunks
18716.jpg,Women,Apparel,Topwear,Tops,Black,Fall,2011.0,Casual,Arrow Woman Shanna Black Top
48402.jpg,Men,Apparel,Topwear,Tshirts,Cream,Summer,2012.0,Casual,French Connection Men Cream Printed T-shirt
3811.jpg,Boys,Apparel,Topwear,Tshirts,Red,Summer,2011.0,Casual,Disney Kids Boy's Pooh And Tiger Red Kidswear
37934.jpg,Women,Apparel,Topwear,Tops,Purple,Summer,2012.0,Casual,Mineral Women Purple Top
30923.jpg,Women,Apparel,Bottomwear,Skirts,Mustard,Summer,2012.0,Ethnic,Fabindia Women Printed Mustard Skirt
12284.jpg,Men,Apparel,Topwear,Shirts,Maroon,Winter,2011.0,Casual,Genesis Maroon Casual Shirt
7889.jpg,Men,Apparel,Bottomwear,Track Pants,Grey,Fall,2011.0,Casual,Proline Men Grey Track Pants
3875.jpg,Men,Apparel,Topwear,Tshirts,Grey,Summer,2011.0,Casual,Wrangler Men's Trademark Washed Grey T-shirt
59973.jpg,Women,Apparel,Dress,Dresses,Navy Blue,Fall,2012.0,Casual,Avirate Women Navy Blue Dress
27500.jpg,Women,Apparel,Innerwear,Camisoles,Blue,Winter,2015.0,Casual,Jockey Women Blue Camisole
50660.jpg,Men,Apparel,Loungewear and Nightwear,Lounge Pants,Black,Summer,2016.0,Sports,Chromozome Men Black Lounge Pants
8497.jpg,Women,Apparel,Bottomwear,Skirts,Cream,Fall,2011.0,Casual,Forever New Women Cameo Skirt Cream Skirts
6156.jpg,Men,Apparel,Topwear,Tshirts,Black,Summer,2011.0,Casual,Lee Men's Sheild Black T-shirt
23350.jpg,Men,Apparel,Innerwear,Boxers,Multi,Summer,2016.0,Casual,Crusoe Men Elixir Boxer Assorted Short
8857.jpg,Men,Apparel,Topwear,Shirts,Orange,Fall,2011.0,Casual,Mark Taylor Men Orange Striped Shirt
7211.jpg,Women,Apparel,Topwear,Tunics,Black,Fall,2011.0,Casual,Scullers For Her Women Layered Tunics Black Top
2307.jpg,Women,Apparel,Topwear,Tshirts,Purple,Fall,2010.0,Sports,Nike Women Purple Polo T-shirt
23131.jpg,Boys,Apparel,Topwear,Tshirts,White,Fall,2011.0,Casual,Chhota Bheem Kids Boys Holi Hai White T-shirt
35266.jpg,Women,Apparel,Topwear,Tops,Navy Blue,Summer,2012.0,Casual,Lee Women Kylie Navy Blue Top
31090.jpg,Boys,Apparel,Topwear,Shirts,Black,Summer,2012.0,Casual,Gini and Jony Boys Black Shirt
19403.jpg,Men,Apparel,Topwear,Tshirts,Grey,Summer,2011.0,Casual,ADIDAS Men Grey T-shirt
2300.jpg,Women,Apparel,Topwear,Tshirts,Pink,Fall,2010.0,Sports,Nike Women Pink Polo T-shirt
30348.jpg,Men,Apparel,Topwear,Tshirts,Off White,Summer,2012.0,Casual,Myntra Men Dudewala Off White T-shirt
43488.jpg,Men,Apparel,Topwear,Shirts,Beige,Summer,2012.0,Casual,French Connection Men Beige Shirt
59918.jpg,Women,Apparel,Topwear,Kurtas,Multi,Summer,2012.0,Ethnic,Diva Women Multi Coloured Kurta
28711.jpg,Women,Apparel,Topwear,Kurtas,White,Summer,2012.0,Ethnic,W Women Printed White Kurta
14749.jpg,Men,Apparel,Topwear,Shirts,Lavender,Fall,2011.0,Formal,Arrow Men Stripes Lavender Shirts
18980.jpg,Men,Apparel,Topwear,Tshirts,Yellow,Summer,2011.0,Casual,ADIDAS Originals Men Polo Yellow Tshirt
32623.jpg,Men,Apparel,Topwear,Tshirts,Grey,Summer,2012.0,Sports,Nike Men Miler Grey T-shirt
44668.jpg,Women,Apparel,Topwear,Shirts,Pink,Summer,2012.0,Casual,Wills Lifestyle Women Pink Shirt
58495.jpg,Women,Apparel,Topwear,Tops,White,Summer,2012.0,Casual,Tonga Women Printed White Top
53419.jpg,Women,Apparel,Topwear,Kurtas,Blue,Fall,2012.0,Ethnic,Alma Women Blue Printed Kurta
44675.jpg,Women,Apparel,Topwear,Shirts,Yellow,Summer,2012.0,Casual,Wills Lifestyle Women Yellow Shirt
6575.jpg,Men,Apparel,Topwear,Tshirts,Red,Winter,2011.0,Casual,Inkfruit Men's Baby Tomato Red T-shirt
2783.jpg,Men,Apparel,Topwear,Tshirts,Red,Summer,2011.0,Casual,Ediots Men's Bajau Kya Radio Red T-shirt
45561.jpg,Women,Apparel,Topwear,Tops,Pink,Winter,2012.0,Casual,Fila Women Pink Printed Top
26239.jpg,Men,Apparel,Topwear,Tshirts,Black,Summer,2012.0,Casual,Proline Men Black Printed T-shirt
28959.jpg,Women,Apparel,Topwear,Kurtas,White,Summer,2012.0,Ethnic,BIBA Women Ethnic White Kurta
31874.jpg,Women,Apparel,Topwear,Dupatta,Blue,Fall,2012.0,Ethnic,Fabindia Women Blue Dupatta
12665.jpg,Men,Apparel,Topwear,Shirts,Blue,Fall,2011.0,Casual,Probase Men Check Blue Shirts
51502.jpg,Women,Apparel,Bottomwear,Jeans,Blue,Summer,2012.0,Casual,Denizen Women Greenish Blue Jeans
14102.jpg,Women,Apparel,Topwear,Tops,Brown,Fall,2011.0,Casual,Flying Machine Women Solid Brown Tops
17548.jpg,Men,Apparel,Topwear,Shirts,Grey,Fall,2011.0,Formal,Mark Taylor Men Grey & White Striped Shirt
25826.jpg,Women,Apparel,Topwear,Kurtas,Brown,Summer,2012.0,Ethnic,Diva Women Printed Brown Kurta
2779.jpg,Men,Apparel,Topwear,Tshirts,White,Summer,2011.0,Casual,Ediots   T-shirt
6776.jpg,Men,Apparel,Topwear,Tshirts,Red,Summer,2011.0,Casual,Timberland Men's Tipped Pique Polo Red T-shirt
15644.jpg,Men,Apparel,Bottomwear,Shorts,Navy Blue,Winter,2014.0,Sports,Nike Men As Df Crckt Navy Blue Shorts
16035.jpg,Men,Apparel,Topwear,Shirts,White,Fall,2011.0,Casual,Highlander Men Check White Shirt
54889.jpg,Men,Apparel,Topwear,Sweatshirts,Olive,Summer,2012.0,Casual,Do u speak green Men Olive Sweatshirt
43492.jpg,Men,Apparel,Topwear,Tshirts,Off White,Summer,2012.0,Casual,French Connection Men Off White T-shirt
7491.jpg,Women,Apparel,Bottomwear,Shorts,Pink,Summer,2011.0,Sports,"Nike Women's EM Tempo 3.5"" Pink Short"
5154.jpg,Women,Apparel,Topwear,Tshirts,White,Summer,2011.0,Casual,Wrangler Women's Lip Print White T-shirt
52918.jpg,Women,Apparel,Saree,Sarees,Purple,Summer,2012.0,Ethnic,FNF Purple Sari
54485.jpg,Men,Apparel,Innerwear,Briefs,Black,Summer,2016.0,Casual,Hanes Men Pack of Two Premium Bikini Briefs
33745.jpg,Women,Apparel,Topwear,Tops,Blue,Summer,2012.0,Casual,Vero Moda Women Blue Top
44287.jpg,Men,Apparel,Topwear,Tshirts,Purple,Summer,2012.0,Casual,Indian Terrain Men Purple T-shirt
23140.jpg,Women,Apparel,Topwear,Sweatshirts,Grey,Fall,2011.0,Casual,Quechua Women  Fleece Grey Sweatshirt
13345.jpg,Women,Apparel,Bottomwear,Capris,White,Fall,2011.0,Casual,Gini and Jony Kids Girls Solid White Capris
52547.jpg,Women,Apparel,Bottomwear,Jeans,Blue,Summer,2012.0,Casual,Pepe Jeans Women Blue Jeans
11244.jpg,Women,Apparel,Bottomwear,Jeans,Blue,Fall,2011.0,Casual,Flying Machine Women Lowrise Blue Jeans
19815.jpg,Men,Apparel,Topwear,Sweatshirts,Green,Fall,2011.0,Casual,U.S. Polo Assn. Men Solid Green Sweatshirt
34331.jpg,Men,Apparel,Topwear,Tshirts,Purple,Summer,2012.0,Casual,Myntra Men Lost Valley Purple T-shirt
42980.jpg,Men,Apparel,Innerwear,Boxers,Red,Summer,2016.0,Casual,FCUK Red & White Boxers
9593.jpg,Men,Apparel,Topwear,Shirts,White,Fall,2011.0,Casual,Scullers Men Scul White Shirts
17171.jpg,Men,Apparel,Topwear,Shirts,Grey,Fall,2011.0,Casual,U.S. Polo Assn. Men Checks Grey Shirt
38959.jpg,Boys,Apparel,Topwear,Tshirts,Navy Blue,Summer,2012.0,Casual,Gini and Jony Boys Printed Navy Blue T-shirt
18750.jpg,Women,Apparel,Topwear,Shirts,Olive,Fall,2011.0,Casual,Arrow Woman Hallie Olive Shirt
46344.jpg,Men,Apparel,Bottomwear,Jeans,Blue,Summer,2012.0,Casual,Locomotive  Men Blue Jeans
7635.jpg,Men,Apparel,Bottomwear,Track Pants,Black,Fall,2011.0,Sports,Puma Men Black Track Pant
50448.jpg,Men,Apparel,Innerwear,Briefs,Grey,Summer,2016.0,Casual,Chromozome Men Grey & Orange Pack of 2 Briefs
21887.jpg,Women,Apparel,Topwear,Kurtas,Magenta,Fall,2011.0,Ethnic,BIBA Women Thread Work Kurta
31281.jpg,Men,Apparel,Topwear,Tshirts,Grey,Summer,2012.0,Casual,Puma Men Printed Grey T-shirt
5565.jpg,Men,Apparel,Topwear,Tshirts,Maroon,Summer,2011.0,Casual,Mr.Men Maroon Printed T-shirt
16808.jpg,Men,Apparel,Topwear,Shirts,Brown,Fall,2011.0,Casual,Locomotive Men Check Brown Shirt
6128.jpg,Men,Apparel,Topwear,Tshirts,Black,Summer,2011.0,Casual,Puma Men's Ducati Black T-shirt
32638.jpg,Men,Apparel,Topwear,Tshirts,Blue,Summer,2012.0,Sports,Nike Men Epaulet UV Crew Blue T-shirt
14755.jpg,Men,Apparel,Topwear,Shirts,Red,Fall,2011.0,Formal,Arrow Men Check Red Shirts
29841.jpg,Men,Apparel,Topwear,Shirts,Navy Blue,Summer,2012.0,Casual,Basics Men Navy Shirt
21022.jpg,Men,Apparel,Topwear,Shirts,Blue,Fall,2011.0,Formal,Black Coffee Men Blue Slim Fit Shirt
9503.jpg,Men,Apparel,Topwear,Shirts,Peach,Fall,2011.0,Formal,John Miller Men Peach Shirt
22801.jpg,Men,Apparel,Topwear,Shirts,Blue,Fall,2011.0,Casual,Locomotive Men Blue Check Shirt
32600.jpg,Women,Apparel,Topwear,Tops,Red,Summer,2012.0,Casual,ONLY Women Red Live Love Tube Top
45534.jpg,Men,Apparel,Topwear,Tshirts,White,Summer,2012.0,Casual,Fila Men White T-shirt
32466.jpg,Men,Apparel,Topwear,Tshirts,White,Summer,2012.0,Casual,ADIDAS Men Graphic White T-shirt
22600.jpg,Men,Apparel,Topwear,Tshirts,White,Fall,2011.0,Sports,Nike Men White T-shirt
52113.jpg,Women,Apparel,Topwear,Kurtis,Orange,Summer,2012.0,Ethnic,Myntra Women Orange Printed Kurti
19684.jpg,Women,Apparel,Topwear,Tops,Blue,Summer,2011.0,Casual,United Colors of Benetton Women Printed Blue Top
8485.jpg,Women,Apparel,Dress,Dresses,Black,Fall,2011.0,Casual,Forever New Women Porcelain Black Dress
13524.jpg,Women,Apparel,Topwear,Tops,Purple,Fall,2011.0,Casual,Jealous 21 Women Solid Purple Tops
20150.jpg,Men,Apparel,Topwear,Shirts,Black,Fall,2011.0,Casual,Wrangler Men Stampede Black Shirt
30938.jpg,Women,Apparel,Topwear,Kurtis,Red,Summer,2012.0,Ethnic,Fabindia Women Printed Red & Black Kurti
33578.jpg,Men,Apparel,Topwear,Tshirts,Maroon,Summer,2012.0,Casual,Wrangler Men Applique Polo Maroon T-shirt
23141.jpg,Men,Apparel,Topwear,Sweatshirts,Navy Blue,Fall,2011.0,Casual,Quechua Men Warm Fleece Navy Blue Sweatshirt
29823.jpg,Men,Apparel,Topwear,Shirts,Red,Summer,2012.0,Casual,Basics Men Red Checked Shirt
24169.jpg,Women,Apparel,Topwear,Kurtis,Orange,Fall,2011.0,Ethnic,Aurelia Women Orange Printed Kurti
18303.jpg,Women,Apparel,Topwear,Kurtis,Maroon,Fall,2011.0,Ethnic,Aneri Women Kavita Maroon Kurti
13515.jpg,Women,Apparel,Bottomwear,Skirts,Blue,Fall,2011.0,Casual,Palm Tree Kids Girl Washed Blue Skirts
2142.jpg,Men,Apparel,Topwear,Tshirts,Grey,Spring,2011.0,Casual,Basics Men Grey Tshirt
11289.jpg,Men,Apparel,Bottomwear,Jeans,Blue,Spring,2013.0,Casual,Wrangler Men Blue Texas Jeans
6985.jpg,Men,Apparel,Topwear,Tshirts,White,Summer,2011.0,Casual,s.Oliver Men's Denim Dstrct White T-shirt
19162.jpg,Men,Apparel,Topwear,Tshirts,Blue,Summer,2011.0,Casual,United Colors of Benetton Men Solid Blue Tshirt
8952.jpg,Men,Apparel,Bottomwear,Trousers,Black,Fall,2011.0,Formal,Indigo Nation Men TR Yarn Dyed Black Trousers
33252.jpg,Boys,Apparel,Topwear,Tshirts,White,Summer,2012.0,Casual,Gini and Jony Boys Printed White T-shirt
40566.jpg,Women,Apparel,Topwear,Kurtas,Burgundy,Summer,2012.0,Ethnic,W Women Burgundy Kurta
18249.jpg,Men,Apparel,Topwear,Tshirts,Red,Fall,2011.0,Casual,Manchester United Men Printed Red Tshirt
48501.jpg,Women,Apparel,Topwear,Tops,Off White,Summer,2012.0,Casual,French Connection Women Off White Top
13460.jpg,Men,Apparel,Topwear,Shirts,Green,Summer,2011.0,Casual,United Colors of Benetton Men Solid Green Shirts
17801.jpg,Men,Apparel,Topwear,Tshirts,White,Fall,2011.0,Casual,Chhota Bheem Kids Boy Power Punch White Tshirt
9422.jpg,Men,Apparel,Topwear,Shirts,Black,Fall,2011.0,Formal,John Miller Men Blue black stripe Black Shirts
48395.jpg,Men,Apparel,Bottomwear,Trousers,Black,Summer,2012.0,Formal,French Connection Men Black Trousers
33297.jpg,Men,Apparel,Topwear,Shirts,Blue,Summer,2012.0,Casual,Arrow Sport Men Blue Striped Slim Fit Shirt
34274.jpg,Women,Apparel,Topwear,Dupatta,Off White,Summer,2012.0,Ethnic,Fabindia Women Printed Pink Dupatta
2001.jpg,Men,Apparel,Topwear,Tshirts,Grey,Fall,2010.0,Sports,ADIDAS Mens Grey Polo T-shirt
3749.jpg,Men,Apparel,Topwear,Tshirts,Blue,Summer,2011.0,Casual,Status Quo Men's Sound Off Blue T-shirt
27456.jpg,Women,Apparel,Innerwear,Bra,White,Winter,2015.0,Casual,Jockey Women White Full-Coverage Bra 1616
41012.jpg,Boys,Apparel,Topwear,Tshirts,White,Summer,2012.0,Casual,Gini and Jony Boys Pack Of Two White T-shirt
46263.jpg,Women,Apparel,Topwear,Tunics,Black,Summer,2012.0,Casual,109F Women Black Printed Tunic
25504.jpg,Boys,Apparel,Topwear,Tshirts,Blue,Fall,2011.0,Casual,Doodle Kids Boys Soccer Blue T-Shirt
7143.jpg,Women,Apparel,Topwear,Shirts,Blue,Fall,2011.0,Casual,Scullers For Her Women Light Work Blue Shirts
8550.jpg,Men,Apparel,Topwear,Tshirts,Red,Fall,2011.0,Casual,Basics Men Plain Red Polo Tshirts
13296.jpg,Men,Apparel,Topwear,Tshirts,White,Fall,2011.0,Casual,Gini and Jony Kids Boys Printed White Tshirts
22373.jpg,Men,Apparel,Topwear,Shirts,Peach,Fall,2011.0,Casual,Mark Taylor Men Red Striped White Shirt
8901.jpg,Men,Apparel,Bottomwear,Trousers,Grey,Fall,2011.0,Formal,Indigo Nation Men PV stretch Grey Trousers
2400.jpg,Men,Apparel,Topwear,Tshirts,Navy Blue,Fall,2010.0,Sports,Puma Navy Blue Men's T-shirt
7186.jpg,Women,Apparel,Bottomwear,Jeans,Blue,Fall,2011.0,Casual,Jealous 21 Women Supper Skinny Zipped Blue Jeans
5884.jpg,Women,Apparel,Topwear,Tshirts,Black,Summer,2011.0,Casual,Puma Women Classic Black Top
28044.jpg,Men,Apparel,Innerwear,Briefs,Blue,Summer,2016.0,Casual,Jockey ELANCE Men Blue Brief 1008
39793.jpg,Men,Apparel,Bottomwear,Trousers,Grey,Summer,2012.0,Formal,Peter England Men Grey Formal Trousers
52255.jpg,Men,Apparel,Innerwear,Briefs,Blue,Summer,2016.0,Casual,Crusoe Men Blue Boxer Briefs
3126.jpg,Men,Apparel,Topwear,Tshirts,Grey,Summer,2011.0,Casual,Inkfruit Men's City's Knight Grey T-shirt
10470.jpg,Men,Apparel,Topwear,Tshirts,Grey,Fall,2011.0,Casual,Flying Machine Men Grey Tshirts
3913.jpg,Men,Apparel,Topwear,Tshirts,White,Summer,2011.0,Casual,Urban Yoga Men's Hush White T-shirt
18614.jpg,Men,Apparel,Topwear,Tshirts,Navy Blue,Fall,2011.0,Sports,Puma Men Team SS Bluenights Navy Tshirts
22326.jpg,Men,Apparel,Topwear,Tshirts,Blue,Fall,2011.0,Casual,John Players Men Blue Striped Polo T-Shirt
15134.jpg,Men,Apparel,Bottomwear,Trousers,Brown,Fall,2011.0,Casual,Arrow Sport Men Solid Brown Trousers
27492.jpg,Women,Apparel,Innerwear,Briefs,Burgundy,Winter,2015.0,Casual,Jockey Women Burgundy Briefs
38825.jpg,Women,Apparel,Topwear,Tops,Magenta,Summer,2012.0,Casual,Latin Quarters Women Magenta & Brown Check Top
31160.jpg,Girls,Apparel,Topwear,Tops,White,Summer,2012.0,Casual,Gini and Jony Girls Printed White Top
52056.jpg,Men,Apparel,Topwear,Tshirts,Purple,Summer,2012.0,Casual,Myntra Men Purple T-shirt
25396.jpg,Men,Apparel,Innerwear,Innerwear Vests,White,Summer,2016.0,Casual,Levis Men White Innerwear Vest 403
31908.jpg,Women,Apparel,Innerwear,Briefs,Navy Blue,Summer,2015.0,Casual,Heart 2 Heart Women Navy Blue Briefs H2H-8-2011
5885.jpg,Men,Apparel,Topwear,Tshirts,Black,Summer,2011.0,Casual,Puma Men's Ducati Graphic Black T-shirt
13051.jpg,Men,Apparel,Topwear,Shirts,Blue,Fall,2011.0,Casual,Spykar Men Check Blue Shirts
13297.jpg,Men,Apparel,Topwear,Tshirts,White,Fall,2011.0,Casual,Gini and Jony Kids Boys Printed White Tshirts
12345.jpg,Women,Apparel,Saree,Sarees,Maroon,Spring,2018.0,Ethnic,Xoxo Women Maroon Pure Georgette Solid Ready-to-wear Saree
10076.jpg,Women,Apparel,Topwear,Tshirts,Black,Fall,2011.0,Casual,Puma Women Large logo tee Black Tshirts
43525.jpg,Women,Apparel,Bottomwear,Leggings,Cream,Summer,2012.0,Casual,French Connection Women Cream Leggings
36744.jpg,Girls,Apparel,Topwear,Tops,Pink,Summer,2012.0,Casual,Little Miss Girls Naughty Pink Top
13093.jpg,Men,Apparel,Topwear,Sweaters,Black,Fall,2011.0,Casual,ADIDAS Men Badge P/O Black Sweaters
4992.jpg,Women,Apparel,Dress,Dresses,Yellow,Summer,2011.0,Casual,Gini and Jony Girl's Sara White Yellow Polka Dot Kidswear
13864.jpg,Men,Apparel,Topwear,Shirts,Green,Fall,2011.0,Casual,Scullers Men Check Green Shirts
53318.jpg,Men,Apparel,Topwear,Tshirts,Red,Summer,2012.0,Casual,Locomotive Men Red T-shirt
53744.jpg,Women,Apparel,Bottomwear,Capris,Grey,Summer,2012.0,Casual,ADIDAS Women Grey Capris
13404.jpg,Men,Apparel,Topwear,Shirts,Green,Summer,2011.0,Casual,United Colors of Benetton Men Check Green Shirts
15115.jpg,Men,Apparel,Bottomwear,Trousers,Navy Blue,Fall,2012.0,Formal,Arrow Men TR Finish Navy Blue Trousers
49635.jpg,Women,Apparel,Bottomwear,Skirts,Pink,Summer,2010.0,Casual,Mineral Women Pink Skirt
15788.jpg,Men,Apparel,Innerwear,Briefs,Charcoal,Summer,2016.0,Casual,Facit Men String BK Charcoal Briefs
38804.jpg,Men,Apparel,Topwear,Tshirts,Blue,Summer,2012.0,Casual,Joker Men Blue T-shirt
11774.jpg,Men,Apparel,Topwear,Tshirts,Green,Fall,2011.0,Casual,Lee Men Printed Green Tshirts
16551.jpg,Men,Apparel,Topwear,Tshirts,Red,Fall,2011.0,Casual,Basics Men Red Printed T-shirt
57353.jpg,Women,Apparel,Innerwear,Bra,Grey,Winter,2015.0,Casual,Amante Grey Full-Coverage T-shirt Bra BGSI01
9608.jpg,Men,Apparel,Topwear,Shirts,Green,Fall,2011.0,Casual,Indigo Nation Men Stripes White Shirts
30607.jpg,Men,Apparel,Bottomwear,Track Pants,Charcoal,Fall,2012.0,Sports,Nike Men Charcoal Track Pants
15772.jpg,Men,Apparel,Innerwear,Briefs,Red,Summer,2016.0,Casual,Facit Men Fusion Brie Red Briefs
11584.jpg,Women,Apparel,Topwear,Kurtis,Grey,Summer,2011.0,Ethnic,W Women Printed Grey Kurtis
22336.jpg,Men,Apparel,Topwear,Tshirts,Grey,Fall,2011.0,Casual,John Players Men Stripes Grey Polo T-Shirt
32391.jpg,Women,Apparel,Topwear,Shirts,Blue,Summer,2012.0,Formal,Arrow Woman Blue Shirt
57953.jpg,Women,Apparel,Saree,Sarees,Purple,Fall,2012.0,Ethnic,Prafful Purple Sari
44578.jpg,Men,Apparel,Bottomwear,Jeans,Blue,Summer,2017.0,Casual,Lee Men Blue Party Jeans
39322.jpg,Girls,Apparel,Bottomwear,Capris,Blue,Summer,2012.0,Casual,Gini and Jony Girls Blue Capris
16907.jpg,Men,Apparel,Topwear,Sweatshirts,Navy Blue,Fall,2011.0,Casual,Status Quo Men Solid Navy Blue Sweatshirt
28096.jpg,Men,Apparel,Innerwear,Briefs,Navy Blue,Summer,2016.0,Casual,Jockey MC Men Navy Blue Y Front Briefs 8003
15183.jpg,Men,Apparel,Topwear,Sweaters,Blue,Fall,2011.0,Casual,Arrow Sport Men Check Blue Sweaters
50583.jpg,Men,Apparel,Innerwear,Briefs,Grey,Winter,2016.0,Casual,Chromozome Men Grey Pack of 2 Briefs
1604.jpg,Women,Apparel,Bottomwear,Track Pants,Blue,Fall,2010.0,Sports,Reebok Track Pants Women Blue
21148.jpg,Women,Apparel,Topwear,Tops,Grey,Fall,2011.0,Casual,s.Oliver Women Grey Top
26160.jpg,Men,Apparel,Bottomwear,Trousers,Navy Blue,Summer,2012.0,Formal,John Miller Men  Navy Blue Trouser
4378.jpg,Men,Apparel,Topwear,Tshirts,Blue,Summer,2011.0,Casual,Mickey Men's Joy Polo Heritage Grey T-shirt
39347.jpg,Men,Apparel,Topwear,Tshirts,Purple,Fall,2012.0,Casual,Mr. Men Men Purple T-shirt
19324.jpg,Men,Apparel,Topwear,Sweatshirts,Maroon,Fall,2011.0,Casual,Myntra Men Solid Maroon Sweatshirt
21141.jpg,Women,Apparel,Topwear,Tops,Purple,Fall,2011.0,Casual,s.Oliver Women Solid Purple Top
20299.jpg,Women,Apparel,Topwear,Sweaters,Blue,Fall,2011.0,Casual,Jealous 21 Women Blue Sweater
15989.jpg,Men,Apparel,Topwear,Sweaters,White,Fall,2011.0,Casual,Turtle Stripes Men White Sweaters
21146.jpg,Women,Apparel,Topwear,Tops,Grey,Fall,2011.0,Casual,s.Oliver Women Printed Grey Top
53754.jpg,Men,Apparel,Topwear,Sweatshirts,Olive,Summer,2012.0,Casual,ADIDAS Men Olive Chelsea FC Sweatshirt
4323.jpg,Unisex,Apparel,Topwear,Tshirts,Green,Summer,2011.0,Casual,Tantra Kid's Unisex Ice Cream Aqua Green Kidswear
22754.jpg,Women,Apparel,Topwear,Kurtas,Navy Blue,Fall,2011.0,Ethnic,BIBA Women Solid Navy Blue Kurta
27014.jpg,Women,Apparel,Bottomwear,Capris,Blue,Summer,2012.0,Casual,Jealous 21 Women Washed Blue Capris
9255.jpg,Men,Apparel,Topwear,Shirts,Green,Fall,2011.0,Formal,Mark Taylor Men Green Striped Shirt
16906.jpg,Men,Apparel,Topwear,Sweatshirts,Maroon,Fall,2011.0,Casual,Status Quo Men Solid Maroon Sweatshirt
37281.jpg,Women,Apparel,Topwear,Tshirts,Black,Summer,2012.0,Casual,Tantra Women Black Facebook T-shirt
30898.jpg,Women,Apparel,Bottomwear,Salwar,Black,Summer,2012.0,Ethnic,Fabindia Women Black Salwar
16330.jpg,Men,Apparel,Bottomwear,Trousers,Brown,Fall,2011.0,Casual,Peter England Men Solid Brown Trouser
23211.jpg,Women,Apparel,Topwear,Kurtas,Green,Fall,2011.0,Ethnic,Aneri Women Lily Green Kurta
34299.jpg,Women,Apparel,Topwear,Dupatta,Pink,Summer,2012.0,Ethnic,Fabindia Women Pink Tussar Dupatta
30639.jpg,Women,Apparel,Bottomwear,Shorts,Purple,Summer,2012.0,Sports,Nike Women Tempo Purple Shorts
42210.jpg,Women,Apparel,Topwear,Tops,Purple,Summer,2012.0,Casual,Sepia Women Purple Top
48385.jpg,Men,Apparel,Bottomwear,Jeans,Navy Blue,Summer,2012.0,Casual,French Connection Men Navy Blue Jeans
9600.jpg,Men,Apparel,Topwear,Shirts,Navy Blue,Fall,2011.0,Casual,Scullers Men Scul Navy Blue Shirts
33280.jpg,Unisex,Apparel,Bottomwear,Jeans,Blue,Summer,2012.0,Casual,Gini and Jony Kids Unisex Blue Jeans
25775.jpg,Men,Apparel,Topwear,Suspenders,Black,Summer,2012.0,Formal,Lino Perros Men Black Suspenders
22339.jpg,Men,Apparel,Topwear,Tshirts,Grey,Fall,2011.0,Casual,John Players Men Printed Grey T-Shirt
17628.jpg,Men,Apparel,Topwear,Jackets,Charcoal,Fall,2011.0,Casual,ADIDAS Men Solid Grey Jacket
4725.jpg,Boys,Apparel,Topwear,Tshirts,Yellow,Summer,2011.0,Casual,Disney Kids Boy's Royal Sailing Yellow Teen Kidswear
43701.jpg,Women,Apparel,Topwear,Tops,Maroon,Summer,2012.0,Casual,Remanika Women Maroon Top
1895.jpg,Men,Apparel,Topwear,Sweatshirts,Black,Winter,2010.0,Casual,FIFA Men Full Sleeves Hoody Sweatshirt
36558.jpg,Men,Apparel,Topwear,Tshirts,Navy Blue,Summer,2012.0,Casual,Jack & Jones Men Note Navy Blue T-shirt
9466.jpg,Men,Apparel,Topwear,Shirts,White,Fall,2011.0,Formal,John Miller Men Self Structure White Shirt
4977.jpg,Men,Apparel,Bottomwear,Jeans,Blue,Summer,2011.0,Casual,Gini and Jony Boy's Kang Jeans Infant Kidswear
27415.jpg,Women,Apparel,Bottomwear,Capris,Black,Winter,2015.0,Casual,Jockey Women Black Relaxed Capris
55809.jpg,Women,Apparel,Loungewear and Nightwear,Night suits,Pink,Summer,2017.0,Casual,SDL by Sweet Dreams Women Pink & Purple Night Suit S11-3186
42244.jpg,Women,Apparel,Topwear,Tops,Grey,Summer,2012.0,Casual,Sepia Women Grey Top
28692.jpg,Women,Apparel,Topwear,Kurtas,Rust,Summer,2012.0,Ethnic,W Women Printed Rust Kurta
50327.jpg,Women,Apparel,Topwear,Kurtas,Brown,Summer,2012.0,Ethnic,Aurelia Women Brown Printed Kurta
36551.jpg,Women,Apparel,Topwear,Tunics,White,Summer,2012.0,Casual,AND by Anita Dongre Women White Tunic
11387.jpg,Men,Apparel,Topwear,Shirts,Blue,Fall,2011.0,Casual,United Colors of Benetton Men Light Winter Blue Shirts
17626.jpg,Men,Apparel,Topwear,Jackets,White,Fall,2011.0,Sports,ADIDAS Men Solid White Jacket
58724.jpg,Men,Apparel,Topwear,Tshirts,Blue,Summer,2012.0,Casual,Puma Men Blue & White T-shirt
23084.jpg,Men,Apparel,Topwear,Shirts,Navy Blue,Fall,2011.0,Casual,Arrow Sport Men Navy Blue Check Shirt
11522.jpg,Men,Apparel,Topwear,Sweaters,Blue,Fall,2011.0,Casual,United Colors of Benetton Men Blue Sweater
57077.jpg,Women,Apparel,Bottomwear,Jeans,Blue,Summer,2012.0,Casual,Elle Women Light Blue Jeans
52161.jpg,Women,Apparel,Dress,Dresses,Black,Summer,2012.0,Casual,Femella Women Black Pleated Dress
6794.jpg,Men,Apparel,Topwear,Tshirts,Pink,Summer,2011.0,Casual,Timberland Men's Rugby Stripe Pique Polo Pink T-shirt
11034.jpg,Women,Apparel,Topwear,Tops,Red,Fall,2011.0,Casual,Jealous 21 Women Check Red Tops
6599.jpg,Women,Apparel,Topwear,Tshirts,Blue,Summer,2011.0,Casual,Spykar Women's Mademoiselle Blue T-shirt
44807.jpg,Women,Apparel,Topwear,Tops,White,Summer,2012.0,Casual,Spykar Women White Top
28979.jpg,Women,Apparel,Apparel Set,Kurta Sets,Black,Summer,2012.0,Ethnic,Biba Women Black Churidar Kurta with Dupatta
8897.jpg,Men,Apparel,Topwear,Shirts,Blue,Fall,2011.0,Casual,Indigo Nation Men Bling Blue Shirt
34146.jpg,Men,Apparel,Topwear,Tshirts,White,Summer,2012.0,Casual,Reid & Taylor Men White T-shirt
19408.jpg,Men,Apparel,Topwear,Tshirts,Off White,Fall,2011.0,Casual,ADIDAS Men  Off White Polo Tshirt
11457.jpg,Men,Apparel,Topwear,Tshirts,Black,Fall,2011.0,Casual,United Colors of Benetton Men Light Winter Black Tshirts
36275.jpg,Women,Apparel,Loungewear and Nightwear,Night suits,Pink,Summer,2017.0,Casual,SDL by Sweet Dreams Women Pink Night suits
49949.jpg,Men,Apparel,Loungewear and Nightwear,Lounge Shorts,Grey Melange,Summer,2016.0,Casual,Hanes Men Grey Melange Shorts
6107.jpg,Women,Apparel,Topwear,Tshirts,Pink,Summer,2011.0,Casual,UCB Women's Basic V Neck Pink T-shirt
3481.jpg,Men,Apparel,Bottomwear,Track Pants,Black,Fall,2010.0,Sports,ADIDAS Men's Black White Track Pant
17557.jpg,Men,Apparel,Topwear,Shirts,Blue,Fall,2011.0,Formal,Mark Taylor Men Blue & White Shirt
26479.jpg,Men,Apparel,Topwear,Tshirts,Black,Summer,2012.0,Casual,Puma Men Ferrari Black Polo T-shirt
57816.jpg,Women,Apparel,Topwear,Tunics,Khaki,Fall,2012.0,Casual,United Colors of Benetton Women Khaki Tunic
20147.jpg,Men,Apparel,Topwear,Shirts,Blue,Fall,2011.0,Casual,Wrangler Men Broad Blue Shirt
11600.jpg,Women,Apparel,Topwear,Kurtas,Grey,Summer,2011.0,Ethnic,W Women Printed Grey Kurtas
33762.jpg,Women,Apparel,Topwear,Tops,Pink,Summer,2012.0,Casual,Vero Moda Women Viva Pink Top
3426.jpg,Men,Apparel,Topwear,Tshirts,Black,Summer,2011.0,Casual,Myntra Mens Request denied T-shirt
40264.jpg,Men,Apparel,Topwear,Tshirts,Navy Blue,Summer,2012.0,Casual,Scullers Men Navy Blue Striped T-shirt
40432.jpg,Women,Apparel,Bottomwear,Skirts,Black,Summer,2012.0,Formal,Tonga Women Black Skirt
9772.jpg,Men,Apparel,Bottomwear,Track Pants,Grey,Fall,2011.0,Casual,ADIDAS Men Cress 3sswptch Grey Track Pants
23158.jpg,Men,Apparel,Topwear,Tshirts,Grey,Fall,2011.0,Casual,Mark Taylor Men Grey Printed T-shirt
19667.jpg,Women,Apparel,Topwear,Tops,Lavender,Summer,2011.0,Casual,United Colors of Benetton Women Solid Lavender Top
32227.jpg,Women,Apparel,Topwear,Kurtas,Red,Summer,2012.0,Ethnic,Fabindia Women Red Cotton Printed Kurta
36217.jpg,Girls,Apparel,Bottomwear,Shorts,Pink,Summer,2012.0,Casual,Gini Jony Girls Pink Shorts
36819.jpg,Women,Apparel,Topwear,Kurtas,Beige,Summer,2012.0,Ethnic,Vishudh Women Beige Kurta
31456.jpg,Men,Apparel,Topwear,Tshirts,Black,Summer,2012.0,Sports,Nike Men Trainning Black T-shirt
11051.jpg,Men,Apparel,Topwear,Shirts,White,Fall,2011.0,Casual,Scullers Men Check White Shirts
22048.jpg,Women,Apparel,Topwear,Kurtas,Green,Fall,2011.0,Ethnic,Vishudh Women Printed Green Kurta
8450.jpg,Women,Apparel,Topwear,Tops,Peach,Fall,2011.0,Casual,Jealous 21 Women Jealous Paris Black Top Black Tops
2956.jpg,Women,Apparel,Topwear,Tops,Yellow,Fall,2010.0,Casual,DUSG Women Rishikesh Organic Wheat Top
3884.jpg,Men,Apparel,Topwear,Tshirts,Grey,Summer,2011.0,Casual,Wrangler Men's Star Flag Print Grey Melange T-shirt
18748.jpg,Women,Apparel,Topwear,Tops,Beige,Fall,2011.0,Casual,Arrow Woman Beige Top
3087.jpg,Men,Apparel,Topwear,Tshirts,Navy Blue,Summer,2011.0,Casual,Probase Mens  T-shirt
41141.jpg,Women,Apparel,Dress,Dresses,Blue,Fall,2012.0,Casual,Allen Solly Woman Blue Dress
57023.jpg,Men,Apparel,Innerwear,Briefs,Brown,Summer,2016.0,Casual,Jockey MC Men Brown Rio Briefs 8033
13737.jpg,Men,Apparel,Topwear,Shirts,Black,Fall,2011.0,Casual,Belmonte Men Check Black Shirts
22070.jpg,Women,Apparel,Topwear,Kurtas,Blue,Fall,2011.0,Ethnic,Vishudh Women Floral Printed Blue Kurta
6506.jpg,Men,Apparel,Topwear,Tshirts,White,Summer,2011.0,Casual,ADIDAS Men's Badge White T-shirt
34585.jpg,Women,Apparel,Dress,Dresses,Green,Summer,2012.0,Casual,Tonga Women Green Dress
14743.jpg,Men,Apparel,Topwear,Shirts,Purple,Fall,2011.0,Formal,Arrow Men Stripes Purple Slim Fit Shirt
36245.jpg,Men,Apparel,Topwear,Tshirts,Blue,Summer,2012.0,Casual,Mr. Men Blue Mr. Forgetful T-shirt
17931.jpg,Men,Apparel,Bottomwear,Tights,Black,Summer,2012.0,Sports,Nike Men Training Black Tights
42559.jpg,Women,Apparel,Topwear,Kurtas,Multi,Summer,2012.0,Ethnic,Mother Earth Women Multi Coloured Kurta
14318.jpg,Men,Apparel,Topwear,Sweaters,Grey,Fall,2011.0,Casual,ADIDAS Men Stripes Grey Sweaters
13337.jpg,Men,Apparel,Topwear,Tshirts,Green,Fall,2011.0,Casual,Gini and Jony Kids Boys Stripes Green Tshirts
5777.jpg,Women,Apparel,Topwear,Tops,Blue,Summer,2011.0,Casual,Jealous 21 Women Blue Floral Top
40494.jpg,Women,Apparel,Bottomwear,Leggings,Brown,Summer,2012.0,Casual,Femella Women Brown Leggings
30717.jpg,Boys,Apparel,Apparel Set,Kurta Sets,Green,Summer,2012.0,Ethnic,Fabindia Boys Green Dhoti Angarakha Sets
24773.jpg,Women,Apparel,Bottomwear,Track Pants,Grey,Summer,2011.0,Casual,Nike Women Training Grey Track Pants
53048.jpg,Women,Apparel,Saree,Sarees,Multi,Fall,2012.0,Ethnic,FNF Multi Coloured Printed Sari
16217.jpg,Men,Apparel,Bottomwear,Track Pants,Grey,Fall,2011.0,Casual,Puma Men Lifestyle  Grey Track Pant
58805.jpg,Men,Apparel,Topwear,Shirts,Blue,Fall,2012.0,Casual,Highlander Men Blue & White Check Shirt
7815.jpg,Men,Apparel,Topwear,Tshirts,Black,Fall,2011.0,Casual,Proline Men Black Striped Polo T-shirt
10789.jpg,Men,Apparel,Topwear,Shirts,Red,Fall,2011.0,Casual,Wrangler Men Manitoba Piping Red Shirts
50865.jpg,Women,Apparel,Saree,Sarees,Green,Fall,2012.0,Ethnic,Prafful Green & Purple Crepe Printed Sari
39455.jpg,Women,Apparel,Topwear,Kurtas,Multi,Summer,2012.0,Ethnic,Diva Women Multi Coloured Kurta
2335.jpg,Men,Apparel,Topwear,Tshirts,Blue,Fall,2010.0,Casual,Reebok Men Blue Polo T-shirt
6795.jpg,Men,Apparel,Topwear,Shirts,Green,Summer,2011.0,Casual,Timberland Men Vintage Rugged Green Shirt
22228.jpg,Women,Apparel,Topwear,Tshirts,Yellow,Fall,2011.0,Casual,Little Miss Women Sunshine Yellow T-shirt
19465.jpg,Men,Apparel,Topwear,Shirts,Navy Blue,Fall,2011.0,Casual,Quiksilver Men Navy Blue Check Shirt
59984.jpg,Women,Apparel,Dress,Dresses,Purple,Fall,2012.0,Party,Avirate Women Purple Dress
13736.jpg,Men,Apparel,Topwear,Shirts,Red,Fall,2011.0,Casual,Belmonte Men Check Red Shirts
1984.jpg,Women,Apparel,Topwear,Tshirts,White,Fall,2010.0,Sports,ADIDAS Women Graphic White T-shirt
43628.jpg,Women,Apparel,Topwear,Tops,Black,Summer,2012.0,Casual,Vero Moda Women Black Top
29667.jpg,Men,Apparel,Topwear,Shirts,Black,Summer,2012.0,Casual,Indigo Nation Men Printed Black Shirt
40059.jpg,Men,Apparel,Topwear,Tshirts,White,Summer,2012.0,Casual,ADIDAS Men White T-shirt
37937.jpg,Women,Apparel,Dress,Dresses,Purple,Summer,2012.0,Casual,Mineral Women Purple Dress
33752.jpg,Women,Apparel,Topwear,Tops,White,Summer,2012.0,Casual,Vero Moda Women White & Pink Top
30916.jpg,Women,Apparel,Topwear,Kurtis,Red,Summer,2012.0,Ethnic,Fabindia Women Red Kurti
23965.jpg,Men,Apparel,Topwear,Tshirts,Green,Fall,2011.0,Casual,Peter England Men Green Printed T-shirt
16423.jpg,Men,Apparel,Topwear,Tshirts,Grey,Fall,2011.0,Casual,Levi's Men Printed Grey Tshirts
22616.jpg,Men,Apparel,Topwear,Tshirts,Red,Summer,2011.0,Casual,Nike Men Red T-shirt
38976.jpg,Women,Apparel,Bottomwear,Tights,Black,Summer,2012.0,Casual,Latin Quarters Black Tights
47047.jpg,Women,Apparel,Bottomwear,Salwar,Purple,Summer,2012.0,Ethnic,Shree Women & Cream Jodhpuri Salwar
18575.jpg,Men,Apparel,Topwear,Tshirts,White,Fall,2011.0,Casual,Puma Men Ghetto Halftone White T-shirt
53024.jpg,Women,Apparel,Saree,Sarees,Multi,Fall,2012.0,Ethnic,FNF Multi Coloured Printed Sari
3285.jpg,Men,Apparel,Topwear,Tshirts,Yellow,Summer,2011.0,Casual,Guerrilla Men's Move It Move On Green T-shirt
20958.jpg,Men,Apparel,Topwear,Tshirts,Grey,Fall,2011.0,Casual,s.Oliver Men Solid Grey Tshirt
26293.jpg,Men,Apparel,Topwear,Tshirts,Blue,Summer,2012.0,Casual,Proline Men Blue Striped Polo T-shirt
14735.jpg,Men,Apparel,Topwear,Shirts,White,Fall,2011.0,Formal,Arrow Men Stripes White Shirts
29022.jpg,Men,Apparel,Topwear,Tshirts,White,Fall,2012.0,Casual,ADIDAS Men Aess Crew White T-shirt
3862.jpg,Men,Apparel,Topwear,Tshirts,Orange,Summer,2011.0,Casual,Wrangler Men's Authentic Embro Orange T-shirt
9756.jpg,Men,Apparel,Topwear,Tshirts,Maroon,Fall,2011.0,Casual,Classic Polo Men Ikon Maroon Polo Tshirts
50442.jpg,Men,Apparel,Innerwear,Briefs,Blue,Summer,2016.0,Casual,Chromozome Men Blue Pack of 2 Briefs
24395.jpg,Women,Apparel,Topwear,Kurtas,Blue,Summer,2012.0,Ethnic,Vishudh Women Blue Printed Kurta
33746.jpg,Women,Apparel,Topwear,Tops,Green,Summer,2012.0,Casual,Vero Moda Women Bale Green Top
26260.jpg,Men,Apparel,Bottomwear,Track Pants,Grey,Summer,2012.0,Sports,Proline Men Grey Track Pants
18937.jpg,Men,Apparel,Topwear,Tshirts,Purple,Fall,2011.0,Casual,Levi's Men Graphic Print Purple Tshirt
11086.jpg,Men,Apparel,Topwear,Shirts,Green,Fall,2011.0,Casual,Scullers Men Check Green Shirt
29819.jpg,Men,Apparel,Topwear,Shirts,Green,Summer,2012.0,Casual,Basics Men Green Checked Slim Fit Shirt
17181.jpg,Men,Apparel,Topwear,Shirts,Blue,Winter,2016.0,Casual,U.S. Polo Assn. Men Solid Blue Shirt
9793.jpg,Men,Apparel,Topwear,Shirts,White,Fall,2011.0,Casual,Spykar Men Ranger Blue White Stripes Shirts
25840.jpg,Women,Apparel,Topwear,Kurtas,Beige,Summer,2012.0,Ethnic,Diva Women Printed Beige Kurta
50641.jpg,Men,Apparel,Innerwear,Innerwear Vests,Grey,Winter,2016.0,Casual,Chromozome Men Grey Innerwear Vest
36498.jpg,Women,Apparel,Topwear,Kurtas,Green,Summer,2012.0,Ethnic,Folklore Women Green Kurta
59707.jpg,Women,Apparel,Innerwear,Briefs,Black,Summer,2012.0,Casual,Avirate Black Brief
41966.jpg,Boys,Apparel,Topwear,Tshirts,Black,Summer,2012.0,Casual,Gini and Jony Boys Surfs Up Black T-shirt
51368.jpg,Women,Apparel,Bottomwear,Jeans,Blue,Summer,2012.0,Casual,Spykar Women Blue Jeans
58675.jpg,Women,Apparel,Topwear,Kurtas,Multi,Summer,2012.0,Ethnic,ALayna Women Multi Coloured Kurta
7201.jpg,Women,Apparel,Topwear,Tops,Pink,Fall,2011.0,Casual,Jealous 21 Women White Pink Lady With The Hat Top
39219.jpg,Women,Apparel,Topwear,Tops,Black,Summer,2012.0,Casual,Femella Women Black Animal Printed Kaftan Top
58216.jpg,Women,Apparel,Bottomwear,Patiala,Multi,Fall,2012.0,Ethnic,Shree Women Multi Coloured Patiala
34959.jpg,Women,Apparel,Saree,Sarees,Beige,Summer,2012.0,Ethnic,Fabindia Women H& Printed Beige & Rust Sari
49963.jpg,Men,Apparel,Topwear,Tshirts,Black,Summer,2016.0,Casual,Hanes Men Black Pack of 3 T-shirt
59301.jpg,Men,Apparel,Topwear,Shirts,Olive,Fall,2012.0,Casual,U.S. Polo Assn. Denim Co. Men Olive Shirt
33940.jpg,Men,Apparel,Topwear,Tshirts,Orange,Summer,2012.0,Casual,ADIDAS Men Orange T-shirt
40270.jpg,Men,Apparel,Topwear,Tshirts,Navy Blue,Summer,2012.0,Casual,Scullers Men Navy Blue T-shirt
12065.jpg,Women,Apparel,Topwear,Kurtas,Navy Blue,Fall,2011.0,Ethnic,W Women Printed Navy Blue Kurtas
9305.jpg,Men,Apparel,Topwear,Tshirts,Yellow,Fall,2011.0,Casual,Indian Terrain Men Montez Yellow T-shirt
13947.jpg,Women,Apparel,Topwear,Tshirts,Blue,Summer,2011.0,Casual,United Colors of Benetton Women Solid Blue Tshirts
45959.jpg,Women,Apparel,Topwear,Tops,Black,Fall,2012.0,Casual,Tokyo Talkies Women Black Top
17189.jpg,Men,Apparel,Topwear,Shirts,Maroon,Winter,2016.0,Casual,U.S. Polo Assn. Men Checks Maroon Shirt
39414.jpg,Men,Apparel,Topwear,Shirts,White,Summer,2012.0,Smart Casual,U.S. Polo Assn. Men Blue & White Checked Tailored Fit Smart Casual Shirt
34565.jpg,Women,Apparel,Dress,Dresses,Black,Summer,2012.0,Casual,Tonga Women Printed Black Dress
22632.jpg,Men,Apparel,Topwear,Tshirts,Black,Fall,2011.0,Sports,Nike Men Printed Black T-shirt
52121.jpg,Boys,Apparel,Topwear,Tshirts,Navy Blue,Summer,2012.0,Casual,Doodle Boys Navy Blue Printed T-Shirt
22064.jpg,Women,Apparel,Topwear,Kurtas,Green,Fall,2011.0,Ethnic,Vishudh Women Printed Green Kurta
40622.jpg,Women,Apparel,Topwear,Kurtas,Pink,Summer,2012.0,Ethnic,Span Women Floral Printed Pink Kurta
36266.jpg,Women,Apparel,Loungewear and Nightwear,Night suits,Pink,Summer,2017.0,Casual,SDL by Sweet Dreams Women Pink Night suits
3206.jpg,Men,Apparel,Topwear,Tshirts,Blue,Summer,2011.0,Casual,Tantra Men's Super Heros Blue T-shirt
34393.jpg,Men,Apparel,Topwear,Tshirts,Red,Summer,2012.0,Casual,Myntra Men Red Skull Gambling T-shirt
8848.jpg,Men,Apparel,Topwear,Shirts,Blue,Fall,2011.0,Casual,Mark Taylor Men Blue Striped Shirt
47030.jpg,Women,Apparel,Topwear,Kurtas,Blue,Fall,2012.0,Ethnic,Shree Women Blue Printed Kurta
4818.jpg,Men,Apparel,Bottomwear,Shorts,Black,Fall,2012.0,Sports,ADIDAS Men's Team Bermuda Black White Short
54081.jpg,Women,Apparel,Topwear,Kurtis,Red,Summer,2012.0,Ethnic,Mumbai Slang Women Red Kurti
8613.jpg,Men,Apparel,Topwear,Tshirts,Purple,Fall,2011.0,Casual,Scullers Men Purple Polo T-Shirt
11472.jpg,Women,Apparel,Topwear,Tops,Blue,Fall,2011.0,Casual,United Colors of Benetton Women Blue Winter Printed Top
18739.jpg,Women,Apparel,Topwear,Tops,Purple,Fall,2011.0,Casual,Arrow Woman Tigi Purple Top
12667.jpg,Men,Apparel,Topwear,Shirts,Blue,Fall,2011.0,Casual,Probase Men Check Blue Shirts
11732.jpg,Men,Apparel,Topwear,Tshirts,Black,Fall,2011.0,Casual,Lee Men Printed Black Tshirts
51486.jpg,Men,Apparel,Bottomwear,Trousers,Brown,Summer,2012.0,Casual,Denizen Men Brown Trousers
51815.jpg,Women,Apparel,Innerwear,Bra,Black,Summer,2016.0,Casual,Bwitch Black Bra
9475.jpg,Men,Apparel,Topwear,Shirts,Blue,Fall,2011.0,Formal,John Miller Men Blue Check Shirt
6253.jpg,Women,Apparel,Topwear,Tshirts,Yellow,Summer,2011.0,Casual,Lee Women's Shakira Sunshine T-shirt
58701.jpg,Women,Apparel,Topwear,Kurtas,White,Summer,2012.0,Ethnic,ALayna Women Printed White Kurta
55822.jpg,Women,Apparel,Loungewear and Nightwear,Night suits,White,Summer,2017.0,Casual,SDL by Sweet Dreams Women White & Pink Printed Night Suit S11-3231
30480.jpg,Women,Apparel,Innerwear,Bra,Pink,Summer,2014.0,Casual,Lovable Women Tease Pink Bra
53314.jpg,Men,Apparel,Topwear,Tshirts,Grey Melange,Summer,2012.0,Casual,Locomotive Men Grey Melange T-shirt
10073.jpg,Women,Apparel,Topwear,Tshirts,Purple,Fall,2011.0,Casual,Puma Women cat line tee Purple Tshirts
27098.jpg,Women,Apparel,Topwear,Kurtis,Green,Summer,2012.0,Ethnic,Aneri Women Joy Green Kurti
14088.jpg,Men,Apparel,Topwear,Tshirts,Black,Fall,2011.0,Casual,Flying Machine Men Black Polo Tshirts
42261.jpg,Men,Apparel,Bottomwear,Jeans,Blue,Summer,2012.0,Casual,John Players Men Blue Jeans
17894.jpg,Men,Apparel,Innerwear,Innerwear Vests,Red,Summer,2016.0,Casual,Levis Men Pack of 3 Innerwear Vest
34018.jpg,Boys,Apparel,Topwear,Tshirts,Black,Summer,2012.0,Casual,Gini and Jony Boys Black Printed T-shirt
15109.jpg,Men,Apparel,Bottomwear,Trousers,Black,Fall,2011.0,Formal,Arrow Men Autoflex Black Trousers
31368.jpg,Men,Apparel,Topwear,Tshirts,White,Fall,2012.0,Casual,Locomotive White T-Shirt
15794.jpg,Men,Apparel,Innerwear,Briefs,Grey,Summer,2016.0,Casual,Facit Men Grey String Bikini Briefs
3788.jpg,Men,Apparel,Topwear,Tshirts,White,Summer,2011.0,Casual,Basics Men White & Blue Striped Polo T-shirt
11565.jpg,Women,Apparel,Topwear,Kurtas,Green,Summer,2011.0,Ethnic,W Women Printed Green Kurtas
40934.jpg,Boys,Apparel,Topwear,Shirts,White,Summer,2012.0,Casual,Gini and JonyBoys Around the World White Shirts
4796.jpg,Men,Apparel,Bottomwear,Shorts,Blue,Summer,2011.0,Sports,ADIDAS Men's Ess Steel Short
56294.jpg,Women,Apparel,Innerwear,Bra,Rose,Summer,2017.0,Casual,Biara Women Rose  Bra
8163.jpg,Men,Apparel,Topwear,Shirts,Red,Summer,2011.0,Casual,Highlander Men Red Checked Halden Slim Fit Shirt
52091.jpg,Women,Apparel,Topwear,Tshirts,Green,Summer,2012.0,Casual,Myntra Women Green T-shirt
40130.jpg,Boys,Apparel,Topwear,Shirts,White,Summer,2012.0,Casual,Gini and Jony Boys Core White Shirt
46406.jpg,Men,Apparel,Topwear,Tshirts,Green,Summer,2012.0,Casual,ADIDAS Men Green Printed T-shirt
54305.jpg,Women,Apparel,Innerwear,Bra,Grey Melange,Summer,2017.0,Casual,Garfield Women Grey Melange Striped Bra GFA12-004
58731.jpg,Women,Apparel,Topwear,Tshirts,Pink,Summer,2012.0,Casual,Puma Women Pink T-shirt
15190.jpg,Men,Apparel,Topwear,Tshirts,Navy Blue,Fall,2011.0,Casual,Arrow Sport Men Solid Navy Blue Polo Tshirts
27436.jpg,Women,Apparel,Topwear,Tops,Black,Winter,2017.0,Sports,Jockey Women Black Racer Back Top
6069.jpg,Women,Apparel,Topwear,Tshirts,Pink,Summer,2011.0,Casual,UCB Women's Young Pigment Pink T-shirt
8597.jpg,Men,Apparel,Topwear,Tshirts,Red,Fall,2011.0,Casual,Scullers Men Red Polo T-Shirts
8751.jpg,Men,Apparel,Topwear,Shirts,Navy Blue,Fall,2011.0,Casual,Indigo Nation Men Navy Blue Check Shirt
12145.jpg,Women,Apparel,Topwear,Kurtis,Blue,Fall,2011.0,Ethnic,Aurelia Women Blue Kurti
54334.jpg,Women,Apparel,Bottomwear,Jeans,Blue,Fall,2012.0,Casual,Tokyo Talkies Women Blue Straight Skinny Fit Jeans
36324.jpg,Boys,Apparel,Topwear,Tshirts,White,Summer,2012.0,Casual,Mr.Men Boys Mr. Happy White T-shirt
26941.jpg,Women,Apparel,Topwear,Tshirts,Lavender,Summer,2012.0,Casual,Jealous 21 Women Printed Lavender T-shirt
59880.jpg,Women,Apparel,Bottomwear,Stockings,Black,Fall,2012.0,Casual,Femella Women Black Stockings
3727.jpg,Men,Apparel,Topwear,Tshirts,Orange,Summer,2011.0,Casual,Lee Men's Orange Kansas City T-shirt
42659.jpg,Women,Apparel,Topwear,Kurtas,Green,Summer,2012.0,Ethnic,Alma Women Green Kurta
9420.jpg,Men,Apparel,Topwear,Shirts,Maroon,Fall,2011.0,Formal,John Miller Men Maroon grey Stripe Maroon Shirts
32378.jpg,Women,Apparel,Dress,Dresses,Cream,Summer,2012.0,Casual,Arrow Woman Printed Multi Coloured Dress
33295.jpg,Men,Apparel,Topwear,Shirts,Blue,Summer,2012.0,Casual,Arrow Sport Men Reversible Check Blue Shirt
30410.jpg,Men,Apparel,Bottomwear,Jeans,Blue,Summer,2012.0,Casual,Deni Yo Men Slim Fit Washed Blue Jeans
57378.jpg,Women,Apparel,Innerwear,Briefs,Pink,Winter,2015.0,Casual,Amante Women Pink Briefs PFCL05
22784.jpg,Men,Apparel,Bottomwear,Jeans,Blue,Fall,2011.0,Casual,Deniyo Men Washed Blue Jeans
4307.jpg,Unisex,Apparel,Topwear,Tshirts,Green,Summer,2011.0,Casual,Tantra Kid's Unisex The Matrix Green Kidswear
2838.jpg,Men,Apparel,Topwear,Tshirts,Blue,Summer,2011.0,Casual,Mr.Men Men's Mr.Happy Blue T-shirt
14676.jpg,Men,Apparel,Topwear,Shirts,Brown,Fall,2011.0,Casual,Basics Men Brown Slim Fit Checked Shirt
27454.jpg,Women,Apparel,Innerwear,Bra,Black,Winter,2015.0,Casual,Jockey Black Full-Coverage Bra 1616
8395.jpg,Men,Apparel,Topwear,Sweaters,Grey,Fall,2011.0,Sports,ADIDAS Men Sf Str Slv Fs Ca Grey Sweaters
8361.jpg,Girls,Apparel,Topwear,Tshirts,Green,Fall,2011.0,Casual,Doodle Girl's Tonight Night Rock Light Green Kidswear
3789.jpg,Men,Apparel,Topwear,Tshirts,White,Summer,2011.0,Casual,Basics Men White & Green Striped Polo T-shirt
33250.jpg,Men,Apparel,Topwear,Shirts,White,Summer,2012.0,Formal,Arrow Men  Green & Blue Check Shirt
4938.jpg,Men,Apparel,Topwear,Tshirts,Grey,Summer,2011.0,Casual,Gini and Jony Boy's Kaden Grey Blue Infant Kidswear
